{"cameraMode":{"drawMode":0,"name":"Shaded","section":"Shading Mode"},"sceneLighting":true,"audioPlay":false,"sceneViewState":{"showFog":true,"showMaterialUpdate":false,"showSkybox":true,"showFlares":true,"showImageEffects":true,"showParticleSystems":true},"in2DMode":false,"pivot":{"x":0.37937474250793459,"y":0.21301817893981934,"z":2.580012321472168},"rotation":{"x":0.30539506673812868,"y":-0.6430228352546692,"z":0.31204548478126528,"w":0.6292848587036133},"size":1.9098901748657227,"orthographic":false}