{"cameraMode":{"drawMode":0,"name":"Shaded","section":"Shading Mode"},"sceneLighting":true,"audioPlay":false,"sceneViewState":{"showFog":true,"showMaterialUpdate":false,"showSkybox":true,"showFlares":true,"showImageEffects":true,"showParticleSystems":true},"in2DMode":false,"pivot":{"x":0.006529819220304489,"y":0.5540839433670044,"z":2.3493103981018068},"rotation":{"x":-0.198448047041893,"y":0.03429606556892395,"z":-0.0069484952837228779,"w":-0.9794865846633911},"size":0.571576714515686,"orthographic":false}